o_x,o_y,d_x,d_y,o_node,d_node
-87.671518011,41.9579038971,-87.6638654956,41.9726679555,26794584.0,257154257.0
-87.6563059862,41.7442051463,-87.6161341112,41.7632467988,261151261.0,261127106.0
-87.6875155152,41.9751709433,-87.6838349425,41.9477915865,261129980.0,261181630.0
-87.6186777673,41.8351179863,-87.592310855,41.794090253,261127033.0,261358990.0
-87.6522740174,41.9801575735,-87.6197106717,41.8950334495,153405691.0,262184019.0
